INSERT INTO [dbo].[Cliente] (
                                Nome,
                                Data_Nascimento
                            ) 
                    VALUES 
                            ('Ana Silva', '1990-05-21'),
                            ('Bruno Costa', '1985-10-10'),
                            ('Carla Mendes', '1992-08-13'),
                            ('Daniel Souza', '1980-07-30'),
                            ('Eduarda Lima', '1995-02-25'),
                            ('Fernando Alves', '1978-12-12'),
                            ('Gustavo Santos', '1983-06-18'),
                            ('Helena Pereira', '1991-03-07'),
                            ('Igor Ferreira', '1987-09-09'),
                            ('Julia Marques', '1993-11-27');

INSERT INTO [dbo].[Conta]   (
                                Id_Cliente,
                                Data_Saldo,
                                Vlr_SaldoInicial,
                                Vlr_Credito,
                                Vlr_Debito,
                                Data_Abertura,
                                Data_Fechamento
                            )
                    VALUES
                            (1, GETDATE(), 1000.00, 500.00, 200.00, '2020-01-01', NULL),
                            (2, GETDATE(), 2000.00, 1000.00, 500.00, '2021-02-15', NULL),
                            (3, GETDATE(), 1500.00, 700.00, 300.00, '2019-03-10', NULL),
                            (4, GETDATE(), 2500.00, 800.00, 600.00, '2018-04-20', NULL),
                            (5, GETDATE(), 3000.00, 900.00, 700.00, '2022-05-12', NULL),
                            (6, GETDATE(), 1200.00, 400.00, 100.00, '2023-06-01', NULL),
                            (7, GETDATE(), 3500.00, 1200.00, 800.00, '2021-07-25', NULL),
                            (8, GETDATE(), 4000.00, 1500.00, 1000.00, '2020-08-30', NULL),
                            (9, GETDATE(), 2200.00, 900.00, 500.00, '2019-09-12', NULL),
                            (10, GETDATE(), 1800.00, 600.00, 400.00, '2022-10-05', NULL);

INSERT INTO [dbo].[Lancamento]  (
                                    Id_Conta,
                                    Data_Lancamento,
                                    Historico,
                                    Valor_Lancamento,
                                    Tipo_Lancamento
                                )
                        VALUES
                                (1, '2024-07-13 15:05:29.787', 'Depósito inicial', 1000.00, 'C'),
                                (1, '2024-07-14 09:15:09.727', 'Compra supermercado', 200.00, 'D'),
                                (1, '2024-09-20 17:48:12.747', 'Salário', 500.00, 'C'),
                                (2, '2024-08-25 12:09:21.187', 'Depósito inicial', 2000.00, 'C'),
                                (2, '2024-08-31 14:52:49.237', 'Compra eletrônicos', 500.00, 'D'),
                                (2, '2024-09-08 16:20:09.413', 'Freelance', 1000.00, 'C'),
                                (3, '2024-09-09 12:05:29.787', 'Depósito inicial', 1500.00, 'C'),
                                (3, '2024-09-20 16:05:29.787', 'Viagem', 300.00, 'D'),
                                (3, '2024-09-23 11:44:19.287', 'Consultoria', 700.00, 'C'),
                                (4, '2024-09-10 10:51:45.787', 'Depósito inicial', 2500.00, 'C'),
                                (4, '2024-09-10 13:32:26.587', 'Refeição restaurante', 600.00, 'D'),
                                (4, '2024-09-20 16:22:11.123', 'Salário', 800.00, 'C'),
                                (5, '2024-09-13 14:11:24.250', 'Depósito inicial', 3000.00, 'C'),
                                (5, '2024-09-15 15:15:15.787', 'Aluguel', 700.00, 'D'),
                                (5, '2024-09-15 16:16:16.787', 'Bônus', 900.00, 'C'),
                                (6, '2024-09-14 14:14:14.787', 'Depósito inicial', 1200.00, 'C'),
                                (6, '2024-09-16 16:16:16.167', 'Combustível', 100.00, 'D'),
                                (6, '2024-09-16 20:05:29.787', 'Venda online', 400.00, 'C'),
                                (7, '2024-09-16 16:16:16.167', 'Depósito inicial', 3500.00, 'C'),
                                (7, '2024-09-25 16:20:39.283', 'Pagamento escola', 800.00, 'D'),
                                (7, '2024-09-25 17:05:49.367', 'Lucro de investimento', 1200.00, 'C'),
                                (8, '2024-09-16 10:25:59.787', 'Depósito inicial', 4000.00, 'C'),
                                (8, '2024-09-18 11:55:19.587', 'Compra móveis', 1000.00, 'D'),
                                (8, '2024-09-20 15:15:41.137', 'Salário', 1500.00, 'C'),
                                (9, '2024-09-19 14:05:49.137', 'Depósito inicial', 2200.00, 'C'),
                                (9, '2024-09-20 15:45:49.457', 'Manutenção carro', 500.00, 'D'),
                                (9, '2024-09-21 18:55:39.317', 'Bônus', 900.00, 'C'),
                                (10, '2024-09-19 09:09:19.757', 'Depósito inicial', 1800.00, 'C'),
                                (10, '2024-09-19 21:45:29.133', 'Jantar', 400.00, 'D'),
                                (10, '2024-09-21 10:09:49.787', 'Consultoria', 600.00, 'C');
